E100,Najm0 ,Oth0 ,najm0.oth0@gmail.com,30
E101,Najm1 ,Oth1 ,najm1.oth1@gmail.com,31
E102,Najm2 ,Oth2 ,najm2.oth2@gmail.com,32
E103,Najm3 ,Oth3 ,najm3.oth3@gmail.co3,33
E104,Najm4 ,Oth4 ,najm4.oth4@gmail.com,34
E105,Najm5 ,Oth5 ,najm5.oth5@gmail.com,35
E106,Najm6 ,Oth6 ,najm6.oth6@gmail.com,36
E107,Najm7 ,Oth7 ,najm7.oth7@gmail.com,37
E108,Najm8 ,Oth8 ,najm8.oth8@gmail.com,38
E109,Najm9 ,Oth9 ,najm9.oth9@gmail.com,39
E110,Najm10,Oth10,najm0.oth0@gmail.com,40
E111,Najm11,Oth11,najm1.oth1@gmail.com,41
E112,Najm12,Oth12,najm2.oth2@gmail.com,42
E113,Najm13,Oth13,najm3.oth3@gmail.co4,43
E114,Najm14,Oth14,najm4.oth4@gmail.com,44
E115,Najm15,Oth15,najm5.oth5@gmail.com,45
E116,Najm16,Oth16,najm6.oth6@gmail.com,46
E117,Najm17,Oth17,najm7.oth7@gmail.com,47
E118,Najm18,Oth18,najm8.oth8@gmail.com,48
E119,Najm19,Oth19,najm9.oth9@gmail.com,49
E120,Najm20,Oth20,najm0.oth0@gmail.com,50
E121,Najm21,Oth21,najm1.oth1@gmail.com,51
E122,Najm22,Oth22,najm2.oth2@gmail.com,52
E123,Najm23,Oth23,najm3.oth3@gmail.co5,53
E124,Najm24,Oth24,najm4.oth4@gmail.com,54
E125,Najm25,Oth25,najm5.oth5@gmail.com,55
E126,Najm26,Oth26,najm6.oth6@gmail.com,56
E127,Najm27,Oth27,najm7.oth7@gmail.com,57
E128,Najm28,Oth28,najm8.oth8@gmail.com,58
E129,5Najm29,Oth29,najm9.oth9@gmail.com,59